customer_id,first_name,last_name,address,email
1,Patricia,Smith,63124 Jessica Walks Apt. 270 South Jose WY 42071,shortfrank@example.com
2,Lori,Wilson,PSC 4004 Box 4637 APO AP 41564,theodore07@example.net
3,David,Moreno,421 Trujillo Brooks Apt. 352 North Jasmineberg VT 65491,wmcguire@example.com
4,Keith,Rose,21926 Walker Plains Apt. 939 Alanmouth FL 68502,tsmith@example.net
5,Jackie,Johnson,05726 Tara Rapid Lake Nicoleberg NV 75032,michaelross@example.com
6,Jesse,Meyer,54534 Pierce Landing Mullenstad FL 59587,nicholashouse@example.org
7,Shaun,Green,5429 Mendoza Garden Apt. 007 Rileymouth GA 95248,louisjohnston@example.net
8,Cameron,Barr,259 Williams Throughway Williamtown AK 54200,nelliott@example.com
9,Scott,Levine,590 Mcintyre Locks North Robin MH 60607,frichmond@example.com
10,Nicole,Stafford,Unit 0483 Box 1268 DPO AP 35206,allentimothy@example.com
11,Janet,Miller,920 Bush Heights West Christopherburgh CT 07419,garneramy@example.org
12,Charles,Howard,46121 Marquez Terrace Suite 922 Thomasmouth MS 19684,jholt@example.com
13,William,Stewart,9541 Gallagher Inlet New Susan MS 67741,burkephilip@example.com
14,Cynthia,Walters,30042 Tara Square Suite 401 Port Angelabury WV 73464,justin38@example.net
15,Brianna,Peterson,5298 Williams Hollow Suite 377 West Stevenmouth MI 28397,donna79@example.com
16,Charles,Hill,98052 Humphrey Trail South Jessicabury SD 87693,matthew39@example.com
17,Michelle,Day,2851 Maria Ferry East Charlesberg GA 06600,bradley38@example.org
18,Deborah,Barrett,80807 Dixon Row Carterburgh ID 71724,vickicruz@example.net
19,Rhonda,Davis,2345 Williams Coves Suite 911 West Phillip SC 11194,pennymartinez@example.com
20,Emily,Haynes,635 Williams Cove Apt. 745 Ashleyborough NV 18109,mitchell53@example.org
21,Zachary,Perry,643 Barbara Key Suite 499 South Jesse CT 32852,jasminestrickland@example.com
22,Juan,Villa,12767 Turner Terrace New Claire NM 72152,bhernandez@example.org
23,Kara,Medina,58114 Carolyn Trace Lake Charlesborough MP 30006,morenomichael@example.org
24,Lisa,Smith,PSC 3723 Box 0817 APO AP 42237,jstephens@example.net
25,Donna,Brown,028 Kim Meadows Suite 595 East Daniel VA 50779,smithholly@example.com
26,Eric,Mcguire,8137 Hall Crossing Lake Sarahchester IA 26112,doylejeffrey@example.com
27,Timothy,Thomas,74623 Lisa Forges Caldwellville NY 62730,timothyedwards@example.net
28,Lynn,Thomas,486 Patrick Mission Suite 715 Lake Shaun CT 48050,ashley21@example.com
29,Mandy,Nixon,29324 Eric Circle Randybury DE 66978,tcooke@example.org
30,Christopher,Poole,6804 Mason Springs Apt. 820 East Robert WA 12329,terry89@example.com
31,Tanner,Hall,964 Robert Harbor Cathyshire IN 02446,ewingstacey@example.net
32,Maureen,Haley,Unit 7724 Box 3285 DPO AA 43898,joneskim@example.org
33,Christopher,Davis,224 Lisa Road Hatfieldton IN 90252,pinedagloria@example.org
34,Regina,Evans,Unit 8172 Box 2335 DPO AE 49887,kim82@example.com
35,Stephanie,Barber,43090 Melanie Highway West Melissa AL 18456,mjackson@example.org
36,Michael,Walker,45795 Avila Fort Nicolefurt TN 00525,amandagalvan@example.com
37,Danielle,Petersen,9582 Jones Freeway Owenchester VI 24733,judith57@example.com
38,Sandra,Kelly,38593 Hall Drive North Cody MT 65998,turnerdana@example.org
39,Kristina,Phelps,408 Jones Port Apt. 556 East Benjaminton NC 42395,vfitzgerald@example.com
40,Mark,Torres,13123 Kathryn Alley Suite 782 Port Christopherton MA 51150,steven62@example.com
41,David,Bartlett,1649 Christopher Mountain Suite 668 Johnsonport DE 64096,jonesricardo@example.net
42,Michael,Hayden,43775 Caitlyn Rue Apt. 375 Lindseytown NV 41623,nicole76@example.net
43,Raymond,Smith,9685 Christopher Skyway North Phillipborough OR 19420,gregory96@example.com
44,Angela,Gilbert,USS Henson FPO AP 63977,jonescassidy@example.net
45,Thomas,Jackson,2119 Joshua Lake Olsonfurt MA 23249,wendywhite@example.com
46,John,Elliott,362 Alvarez Passage South Kelly NH 04921,qcruz@example.net
47,Cheryl,Jackson,073 Victoria Keys Port Tiffany OR 07998,charleshoffman@example.com
48,Seth,Rosales,96165 Dalton Gardens Mullenstad MH 11721,jamesjones@example.net
49,Amber,Murray,488 Kelsey Cliff Lake Gregorymouth MN 00928,ncaldwell@example.net
